{"cameraMode":{"drawMode":0,"name":"Shaded","section":"Shading Mode"},"sceneLighting":true,"audioPlay":false,"sceneViewState":{"showFog":false,"showMaterialUpdate":false,"showSkybox":false,"showFlares":false,"showImageEffects":false,"showParticleSystems":false},"in2DMode":false,"pivot":{"x":0.2399759292602539,"y":0.4538135528564453,"z":1.2244031429290772},"rotation":{"x":0.2662048637866974,"y":0.5421790480613709,"z":-0.1862538605928421,"w":0.7749136090278626},"size":17.219724655151368,"orthographic":false}