{"cameraMode":{"drawMode":0,"name":"Shaded","section":"Shading Mode"},"sceneLighting":true,"audioPlay":false,"sceneViewState":{"showFog":false,"showMaterialUpdate":false,"showSkybox":false,"showFlares":false,"showImageEffects":false,"showParticleSystems":false},"in2DMode":false,"pivot":{"x":-1.0245361328125,"y":-2.59765625,"z":-2.7913818359375},"rotation":{"x":0.5840718150138855,"y":0.40711072087287905,"z":-0.42585813999176028,"w":0.5583650469779968},"size":17.937416076660158,"orthographic":true}