{"cameraMode":{"drawMode":0,"name":"Shaded","section":"Shading Mode"},"sceneLighting":true,"audioPlay":false,"sceneViewState":{"showFog":false,"showMaterialUpdate":false,"showSkybox":false,"showFlares":false,"showImageEffects":false,"showParticleSystems":false},"in2DMode":false,"pivot":{"x":-5.772480010986328,"y":6.7869791984558109,"z":-5.302333354949951},"rotation":{"x":0.3869810402393341,"y":0.3440963327884674,"z":-0.15839265286922456,"w":0.8406890034675598},"size":5.745234966278076,"orthographic":false}