{"cameraMode":{"drawMode":0,"name":"Shaded","section":"Shading Mode"},"sceneLighting":true,"audioPlay":false,"sceneViewState":{"showFog":true,"showMaterialUpdate":false,"showSkybox":true,"showFlares":true,"showImageEffects":true,"showParticleSystems":true},"in2DMode":false,"pivot":{"x":-2.3603672981262209,"y":-1.3834209442138672,"z":1.517533779144287},"rotation":{"x":0.15215153992176057,"y":0.8466252684593201,"z":-0.38450518250465395,"w":0.335016131401062},"size":9.823012351989746,"orthographic":false}